t	AI1_ext
0	0
0.0981468446552753	1
0.298739392310381	2
2.0403457917273	2
2.05496298614889	3
2.1108120046556	4
2.339783385396	5
2.69062827527523	4
2.73488094843924	5
2.76966103725135	4
2.92217576317489	5
3.5556518305093	6
3.64047539979219	7
3.75832141563296	8
3.82953746989369	9
4.20534372702241	8
4.54744715197012	9
4.58675121283159	10
4.65116389608011	9
5.26725389948115	10
5.53905727853999	11
5.55312135862187	12
5.56166454358026	11
5.58968270150945	12
5.62191524682567	13
5.66874221293256	14
5.86724988324568	15
6.01533603435382	14
6.02895167050883	15
6.04919054685161	16
6.09249106375501	17
6.73763325391337	18
6.96179911307991	17
6.97950598224998	18
7.02814502827823	19
7.06828944571316	20
7.56780762039125	21
7.72889373265207	22
7.73578399186954	23
7.77016044640914	22
8.03767599025741	23
8.12134498218074	24
8.51973468111828	25
8.55528723122552	26
8.57373860897496	25
8.96431123139337	26
9.13077975297347	27
9.14179758308455	28
9.15704256156459	29
9.17759639071301	30
9.19969869637862	31
9.22439414495602	30
9.2610344835557	31
9.35190848493949	32
9.69678927422501	33
9.70212069549598	34
9.71020298101939	35
9.72169858985581	34
9.90372345061041	35
10.0013733163942	36
10.010327064665	35
10.0246192228515	36
10.0420044262428	37
10.0888985779602	38
10.1223654833157	39
10.2612683486659	40
10.3942617129069	39
10.4024375488516	40
10.5174903587904	41
10.755138391396	42
11.1113440825138	41
11.125476785237	42
11.1431758871768	43
11.1672300326172	44
11.3621450907085	45
11.4299214652274	46
11.7593486662372	47
11.7810906688101	48
11.8019700771547	49
11.8451510737068	48
11.9878476778395	49
12.1371474894113	50
12.1385252240871	51
12.1434173134912	50
12.1531883681018	51
12.1639248894353	52
12.1846801599313	53
12.3278314469208	54
12.4030754047271	55
12.4085972851899	54
12.4470265324053	55
12.9195749650535	56
12.9216394091782	57
12.9388502366201	56
13.001476252015	57
13.1520110345737	58
13.45295235308	57
13.4598387240258	58
13.4684000278648	59
13.7004504578945	60
13.8903441431758	61
13.8951245607168	60
13.9025862017006	61
13.9113866859407	62
13.9225542578206	63
14.3249880828953	62
14.4008838421723	63
14.4461315385124	64
14.5020957700035	65
14.6831550746283	66
14.7511712803098	65
14.7583021732571	66
14.8087044331769	67
15.1141516018251	68
15.2194354582171	69
15.5054557185213	70
15.5168334237824	69
15.5344387489895	70
15.6062002677063	71
15.6511735554377	72
16.0117910664121	73
16.202915037662	72
16.2252910115349	73
16.3283627551573	74
16.7922246655799	73
16.8158946460462	74
16.9399503259338	75
17.0003654150642	76
17.2272664115808	75
17.2551676932999	76
17.3260249518135	77
17.4132055737355	78
17.517300444124	79
17.7060398518734	78
17.7149643733792	79
17.7233372445844	80
17.7601270865343	81
17.7810462418638	82
17.8090501635961	83
17.8484431527249	84
18.0065775959447	83
18.0405451877668	84
18.1134599967554	85
18.2000544926777	86
18.3130904621139	87
18.407328706111	88
18.7845472921545	87
18.804162199136	88
18.8151947888473	89
18.8500751000756	90
18.9066294659788	91
18.944140710395	92
19.0750638302343	91
19.0878311709894	92
19.2319920041991	93
19.3161426687075	94
19.4423194515912	95
19.4472682455016	96
19.4544672809934	95
19.5570827454721	96
19.5969547026252	97
19.7105204753971	98
19.8521878563261	99
19.8528669007865	98
19.8641376129162	99
19.87708444491	100
19.8908659449589	101
20.0393396119398	102
20.0802752139789	103
20.173993651224	102
20.1800374038794	103
20.2491099442632	104
20.5104214939565	105
20.6181176844329	106
20.6183057428061	105
20.6210475464541	106
20.6263777057829	107
20.6510663217123	108
20.7757148219462	109
20.856740377676	110
20.9622617585774	111
21.0894648058529	112
21.0954165145013	111
21.1098666836697	112
21.1328819313276	113
21.224488876127	114
21.3239043870199	115
21.3835919306803	116
21.8781266690421	117
21.8793954852226	116
21.8807169971478	117
21.8822694927876	118
21.8852179652968	119
21.9664747199931	120
21.9975148427257	121
22.0967790859941	120
22.0990060544063	121
22.1352822132831	122
22.1780642256563	123
22.4213201463645	124
22.6291665007375	125
22.6316773997169	124
22.6437823279775	125
22.6567448061905	126
22.7096960964627	127
22.8726297552712	128
23.0056751270095	129
23.0068880563849	128
23.0093477745322	129
23.0142566854847	130
23.020340989322	131
23.0675563886543	132
23.1100869066795	133
23.1572382971426	134
23.3623969331165	135
23.3647482429878	134
23.3679666742464	135
23.3765727598002	136
23.4894570614924	137
23.5801323707929	138
23.6641901861658	139
23.6642180893632	138
23.6786512758645	139
23.7693207131761	140
23.8417149603429	139
23.8624560244443	140
23.8742222495439	141
23.8862077545436	142
23.9001555459636	143
23.9828877987402	144
24.0945269977037	143
24.1021284147228	144
24.2033850218231	145
24.264707986551	146
24.4818818236763	147
24.631538238662	148
24.6321205419317	147
24.6946468736805	148
24.7442193172701	149
24.785594600422	150
24.8504977181383	151
24.9238646954127	152
24.9240734880241	151
24.9243016739001	152
24.9520759668758	153
24.9653370187243	154
25.2473993613912	153
25.2544645336984	154
25.275679671724	155
25.3490420184626	156
25.4538906901671	157
25.5105784922434	158
25.5796330947724	159
25.5809365975965	160
25.5847154640887	159
25.5954198045019	160
25.6374467517544	161
25.71113616408	162
25.7485187146176	163
25.7914767171551	164
25.8508909243919	163
25.8582216176965	164
25.8694000897758	165
25.8838067475535	166
26.0455830722876	167
26.1463245741852	168
26.1474019657417	167
26.1499729904408	168
26.1623567783336	169
26.1795975391815	170
26.1971342110137	171
26.2255114943782	172
26.2666053132216	173
26.3224285611013	174
26.3807795376579	175
26.4968938187758	176
26.5035667120865	177
26.5106815550862	178
26.5191348636908	177
26.5303072449205	178
26.5900132175921	179
26.7793591995178	180
26.7802604552162	181
26.7821507622757	182
26.7864375022509	181
26.7990503312358	182
26.8157224954375	183
27.1300589890488	184
27.131875967727	185
27.1337230368554	184
27.141583266206	185
27.150131594859	186
27.160233807288	187
27.1816072524562	188
27.3001656481101	189
27.3765970491841	190
27.5058131539299	191
27.6362363570406	192
27.637350644105	191
27.6437493671001	192
27.6509611356341	193
27.6602062090569	194
27.6783982190573	195
28.0346049165855	194
28.0438471243287	195
28.0573167859147	196
28.0735726358871	197
28.0966569671909	198
28.1313143076877	199
28.3552147413175	200
28.4756200353186	201
28.4838284205216	202
28.4873084719329	201
28.49313459732	202
28.5024565011299	203
28.5207090843505	204
28.5696911662853	205
28.6032637693024	206
28.6544331865189	205
28.6562046933723	206
28.677356109376	207
28.6935741234374	208
28.7114523429227	209
28.7979717369926	210
28.8914353636828	209
28.9000326370624	210
28.9074222225499	211
28.9215028540966	212
28.9401926262108	213
28.9655155012188	214
29.0074273416576	215
29.0565662676272	216
29.1459154480872	217
29.248593678741	216
29.250999641415	217
29.2632801579742	218
29.2727491092368	219
29.3001497807412	220
29.3284498723655	221
29.357660486406	222
29.394065453714	223
29.4457646934746	224
29.4458925612993	223
29.4533238556027	224
29.4852759312629	225
29.6423778567254	226
29.6905003148853	227
29.7460645172536	228
29.7470983283123	229
29.7490810188459	228
29.7796654552216	229
29.8034691363567	230
30.076929463073	231
30.077494064229	232
30.0784040348948	233
30.0793415864458	232
30.0858943376219	233
30.1214589111036	234
30.1631884768134	235
30.2681206215633	234
30.2903853605961	235
30.301285304827	236
30.3126401777839	237
30.3569173736026	238
30.387940946733	239
30.4311887694051	240
30.481593329226	241
30.4824602157454	240
30.4872845124331	241
30.5173163150315	242
30.5474568313797	243
30.5646980411251	244
30.5844100906392	245
30.6235569014092	246
30.6246927698952	245
30.6356468358421	246
30.6532647637063	247
30.6718359486543	248
30.8425731507008	247
30.884302827529	248
30.9105638461182	249
30.9369014305988	250
31.0080391699443	251
31.1285725918127	250
31.1572689751623	251
31.1731335523067	252
31.2193714848248	253
31.2961546501605	254
31.3636293804733	255
31.3650429070689	256
31.3718912674807	255
31.3876033871196	256
31.40346242662	257
31.4222658256762	258
31.4880007429741	259
31.5208643263899	260
31.554553668829	261
31.6117179460701	262
31.6132811502897	261
31.6165684763686	262
31.621924790495	263
31.6307760970079	264
31.6446605137893	265
31.6787453218707	266
31.7240279875108	267
31.8328988514253	266
31.834580582857	267
31.8522918907105	268
31.8727751200198	269
31.943075687915	270
32.0263987334323	269
32.0279689741432	270
32.0322324777366	271
32.0508711565629	272
32.0664984066383	273
32.0844640232966	274
32.1064890031115	275
32.1339795817033	276
32.1936523380567	277
32.1968200010591	276
32.204538251913	277
32.2177371277352	278
32.2333538473462	279
32.2862707932358	280
32.3882244338159	281
32.4464041252498	282
32.4473413401278	281
32.4697031625541	282
32.4939568755211	283
32.5210351129057	284
32.6496176929207	285
32.7654198841186	286
32.8342085888138	285
32.8407960531762	286
32.8682430784678	287
32.9659345864778	288
33.0550836853212	289
33.1119501187926	290
33.2020541548258	291
33.2022655706381	290
33.2046042717988	291
33.235884602181	292
33.2580921342591	293
33.2810360332945	294
33.3479655543337	295
33.3851698087523	296
33.4429106721649	297
33.4431448946847	296
33.4473964306666	297
33.4519186257525	298
33.4679892799026	299
33.492421337883	300
33.5384114659531	301
33.7145249969466	302
33.7149716419948	301
33.7305509890278	302
33.7416882268002	303
33.7709403377806	304
33.9327937422053	303
33.9352471522719	304
33.9445146132924	305
33.9581923397922	306
33.9780539857887	307
33.9986996768706	308
34.027221106618	309
34.0658545276814	310
34.1284580534988	311
34.1948185569339	312
34.1948800231106	311
34.203203145625	312
34.2159283130671	313
34.227199334396	314
34.3073535177167	315
34.3510907988306	316
34.3953861321564	317
34.3960128529355	316
34.3976462907516	317
34.3996488124025	318
34.5026084531922	319
34.5489985023518	320
34.5966626301882	319
34.6133093944294	320
34.6245021632416	321
34.6408398205889	322
34.6710481511903	323
34.7451194802774	324
34.7895712385429	325
34.7901282859742	324
34.8213915868904	325
34.8398045606222	326
34.8903429812993	327
35.0433739356007	328
35.0463531161434	329
35.048744899664	328
35.119316891279	329
35.1392363221161	330
35.1645004064552	331
35.1645012674501	332
35.1646325970007	331
35.1667315705502	332
35.1752608962645	333
35.185169223166	334
35.1985887321	335
35.2163730109398	336
35.3489575775977	337
35.3514264289927	336
35.3568451254334	337
35.3630766308572	338
35.3783676464748	339
35.3869495083284	340
35.399095576134	341
35.4139180126306	342
35.4433819296476	343
35.4927741492804	344
35.4929692327944	343
35.4935271120714	344
35.5016588876108	345
35.5074196737344	346
35.7853349614973	347
35.7853930327958	346
35.78638303917	347
35.7951443727045	348
35.802465197715	349
35.8177676984026	350
35.8365669418974	351
35.8560728878631	352
35.8822435383602	353
35.9108416662468	354
35.9496027232065	355
35.9508510594871	354
35.9538746993906	355
35.9665569244801	356
35.9858572558417	357
35.9984347923576	358
36.013629555787	359
36.0375125110997	360
36.0615998526021	361
36.0616787797019	360
36.0632654264748	361
36.0655440654784	362
36.0692134559333	363
36.0786094282932	364
36.0901651940487	365
36.1113503835343	366
36.1451834290467	367
36.2218503429733	368
36.2227610930397	369
36.2244336861015	368
36.2336140593809	369
36.2718463430476	370
36.2947125679177	371
36.3648957370144	372
36.419623615436	373
36.5067373758477	374
36.5067862500957	373
36.5071949533242	374
36.5166324271643	375
36.5261886088931	376
36.5380277677261	377
36.5664192016059	378
36.5955958279603	379
36.7085570084685	380
36.7087942236915	379
36.7190949484586	380
36.8397918851927	381
36.8889475488916	382
36.9554956653967	383
37.0222555199518	384
37.0969292887251	383
37.1223576837449	384
37.1352894646345	385
37.1486701672195	386
37.1682978072433	387
37.2307089125036	388
37.2639254299222	389
37.2651364749993	388
37.2783035596597	389
37.2965089984002	390
37.3252033682304	391
37.3475500045108	392
37.3843068068611	393
37.4541536913541	394
37.4554551928825	393
37.4642770081348	394
37.4988943539149	395
37.5225931718535	396
37.5917010023779	397
37.7736498504466	398
37.7738297026019	399
37.7747237552187	400
37.7757807546525	401
37.7804790404855	400
37.7841867660402	401
37.791252172575	402
37.8016301747641	403
37.8425875883779	404
37.891378537149	403
37.8973151392795	404
37.9095307242617	405
37.9457242012516	406
37.9603976605952	407
38.0098601705188	408
38.0137120818047	409
38.0227318743503	408
38.0277405844329	409
38.0741641928701	410
38.1038607095627	411
38.1364883893268	410
38.1365813841778	411
38.1384337328575	412
38.1406554412763	413
38.1525301379818	414
38.1598480563346	415
38.2371999915424	414
38.2384086583709	415
38.240088003987	416
38.2440362689751	417
38.2679289594027	418
38.3385003056112	419
38.3717783089462	420
38.372127466145	419
38.3913707811819	420
38.4268742617653	421
38.45287083876	422
38.5832771092621	421
38.5875611190652	422
38.593751039539	423
38.6075775480797	424
38.6176670786892	425
38.6311129496401	426
38.6460443275948	427
38.6625216367622	428
38.6794352351656	429
38.7214413867125	428
38.7228346812565	429
38.7269786979098	430
38.7373007769722	431
38.7510596216682	432
38.8046069071654	433
38.8744148389462	434
39.0143296141553	433
39.0172086882314	434
39.0254027082494	435
39.0366035562849	436
39.0480977429918	437
39.0636632445178	438
39.0797904117874	439
39.0966734907499	440
39.1661636142901	441
39.1661779937342	440
39.17374411485	441
39.2198007561158	442
39.2391037873815	443
39.2593360569219	444
39.2834944508861	445
39.309103312705	446
39.3695661302547	447
39.3696153365192	446
39.3751234325348	447
39.3864575514338	448
39.3963860861725	449
39.4149895749754	450
39.4417983975029	451
39.4880473140395	452
39.5421429178562	451
39.5467780022766	452
39.5524661447737	453
39.5756650362048	454
39.5934722106788	455
39.6996321789804	456
39.7806102442439	455
39.7807685017499	456
39.7818238781213	457
39.7845070859796	458
39.7918875282078	459
39.8043259493454	460
39.8184560005932	461
39.8535028835206	462
39.8813575235574	463
39.9134389934509	464
39.9135494855248	463
39.9250528313235	464
39.9317457512036	465
39.9403137149304	466
39.9503576498494	467
39.991289947556	468
40.0360035564765	469
40.0985314065722	468
40.1229013020304	469
40.1532911837232	470
40.1700205385816	471
40.1952562194449	472
40.2206355456394	473
40.2485456179959	474
40.2802846107763	475
40.2807975975113	474
40.2827182852445	475
40.2945347598536	476
40.3094070640175	477
40.3249398090659	478
40.3422809702126	479
40.3601600055365	480
40.4481510252474	481
40.5583516762374	482
40.558655074444	481
40.5598605718071	482
40.5886347787994	483
40.6013566228169	484
40.631192928234	485
40.6479589473995	486
40.6814919729325	487
40.6819259285069	486
40.6834271695072	487
40.688896191826	488
40.7052273259571	489
40.7159460906944	490
40.8250528049932	489
40.8256201125144	490
40.8343687374538	491
40.8392871190256	492
40.8444236996977	493
40.8496669298431	494
40.8604739904797	495
40.8811629061049	496
40.9032386318243	497
40.9302239865458	498
40.930656468244	497
40.9353056325156	498
40.9398318136621	499
40.9474755435761	500
41.047289357851	501
41.0484635410642	500
41.0512508398199	501
41.065469230972	502
41.0791240851206	503
41.132052532844	504
41.1548977899176	505
41.1781572694702	506
41.206492484994	507
41.2066387676707	506
41.2069679785302	507
41.2103503910141	508
41.225734521194	509
41.2348319399418	510
41.2459147773	511
41.2601615307169	512
41.2774280389087	513
41.3043412552463	514
41.332168783377	513
41.3328428291382	514
41.3371965541403	515
41.3460841028384	516
41.3571548041321	517
41.3692779641963	518
41.3816917891047	519
41.4006069394193	520
41.4371017123005	521
41.437242541778	522
41.4377150452012	521
41.4453459205354	522
41.4684158340344	523
41.5169628225515	524
41.5771787930528	525
41.6151336822907	526
41.664849033604	527
41.6649656520997	526
41.666334904435	527
41.6679168631629	528
41.7143017527953	529
41.8028799285487	530
41.8927966956937	529
41.894115952887	530
41.8974232230059	531
41.9056041791293	532
41.9114832516018	533
41.9184395625446	534
41.9297295362878	535
42.0262878612805	536
42.0274993705054	537
42.028893154343	536
42.0345170537432	537
42.0421058034947	538
42.0678245539268	539
42.0853433592667	540
42.2316126592298	539
42.237650742459	540
42.2456029883426	541
42.2606891101998	542
42.2967775060636	543
42.3215877774012	544
42.346843003	545
42.3764838433665	546
42.4142961582941	547
42.4654913737279	548
42.4658560972268	547
42.4701935239675	548
42.4921785551662	549
42.5206955611313	550
42.539294452926	551
42.5686506364102	552
42.6016172203774	553
42.6017730518463	552
42.6033083857722	553
42.6092476899023	554
42.6143091300721	555
42.6499139692853	556
42.6768157229046	557
42.7063116289894	558
42.7530012920718	559
42.7532570916039	558
42.7547066176587	559
42.7571423942966	560
42.8042849958686	561
42.8486425657568	562
42.872302605286	563
42.9566013202814	564
42.9568028791502	563
42.9572925924833	564
42.9595408345151	565
42.9628238874532	566
42.9834457953505	567
43.0004727934531	568
43.0523030088327	569
43.0846256502948	570
43.1279941872738	571
43.1285211923344	570
43.1404697110222	571
43.1528816253224	572
43.1821352273503	573
43.1989098891893	574
43.2358980842212	575
43.2362566531913	576
43.2375191650165	575
43.241361807198	576
43.2462973991453	577
43.2594588902823	578
43.2731593517631	579
43.2899568906098	580
43.322038012567	579
43.32281117963	580
43.325857559171	581
43.3312247143579	582
43.3418064014506	583
43.3539191660923	584
43.3767110639703	585
43.4018206791473	586
43.4278626562548	587
43.4287582974605	586
43.4333286819704	587
43.4382094902642	588
43.4438303423769	589
43.4524383073397	590
43.4613264346219	591
43.4739475477211	592
43.4871904825516	593
43.5292348427422	594
43.5301317534133	593
43.5348608688175	594
43.5466596720464	595
43.5569389410041	596
43.5933698968686	597
43.622613704177	598
43.643793510618	597
43.6466018472522	598
43.6500112366587	599
43.6620665321782	600
43.7078134965807	601
43.7684270282	602
43.8381129045695	603
43.8383469737412	602
43.8406402956273	603
43.8439122800294	604
43.8489007664423	605
43.8995844920676	606
43.9747733821671	607
43.9755531817602	606
43.976821728905	607
43.9901494634498	608
43.9982726191331	609
44.0403133434404	610
44.0700571675945	611
44.1331927300591	612
44.133195009739	611
44.1516639973722	612
44.1802259182311	613
44.1969357618816	614
44.2603318059571	615
44.2605592055204	614
44.2610828092745	615
44.2649740875656	616
44.2719836547929	617
44.280214648317	618
44.3000586615833	619
44.3315108209806	620
44.3587578140157	621
44.3870620786563	622
44.3877763409053	623
44.388524114527	624
44.3895682472737	623
44.3906873446192	624
44.398280803254	625
44.415714079654	626
44.490001464839	625
44.4901085520776	626
44.4997365806864	627
44.5094036568569	628
44.6518645516278	629
44.7119805297496	630
44.7120186225272	631
44.7122532590781	630
44.712498018567	631
44.7140449490887	632
44.742972271333	633
44.7610074019083	634
44.7909872679063	635
44.8253984039673	636
44.8254943161935	635
44.8310302209773	636
44.8413286081247	637
44.8467949351959	638
44.8526646804728	639
44.8586702633381	640
44.8719731073559	641
44.8869671828777	642
44.9074286248267	643
44.9075698417344	642
44.9099194037169	643
44.9119916981924	644
44.9193641317449	645
44.926801372543	646
44.9951785739884	647
45.0479418767407	646
45.0496824294003	647
45.053958105729	648
45.0596213642182	649
45.0810946946638	650
45.1239630145626	651
45.1539798224019	652
45.2037243874418	653
45.2040030924161	652
45.2051412637136	653
45.2070229228609	654
45.2147636849456	655
45.2217794058868	656
45.2916928588436	657
45.2921328584105	656
45.2950935356691	657
45.2985423635598	658
45.303193307938	659
45.3209507767949	660
45.3347366847936	661
45.3510348969046	662
45.3861607056949	663
45.4337499779556	664
45.4343898807326	663
45.4352028924529	664
45.4399399033771	665
45.4423770080809	666
45.4483250286919	667
45.464827466805	668
45.5381874256325	669
45.5386234848609	668
45.5394572398125	669
45.5461553117691	670
45.5528955107054	671
45.5652191509923	672
45.5797322803608	673
45.5978293606511	674
45.6162270569673	675
45.7252208386979	676
45.72548426972	675
45.728331770564	676
45.7312721114629	677
45.7343464710773	678
45.7451016048924	679
45.7537197901891	680
45.7651917164237	681
45.7880121686519	682
45.8203368478478	683
45.8611682311655	684
45.8611765661942	683
45.8617085341564	684
45.8638184889885	685
45.8665137155647	686
45.869995974909	687
45.8946729642073	688
45.9210898852641	689
45.9425569041366	690
45.9426480246136	689
45.9428994540892	690
45.9450205358978	691
45.9515005992096	692
45.9586443555843	693
45.9684436404448	694
45.9803967158612	695
45.9943100585904	696
46.0458671356853	697
46.0767319443937	698
46.0773687868448	697
46.0791555230342	698
46.0812944792513	699
46.0899609238211	700
46.0973895028535	701
46.1180777227808	702
46.1346720395911	703
46.1800222082773	704
46.1808349966548	703
46.2130507111094	704
46.2263069545395	705
46.2405183977924	706
46.2821699428848	707
46.3501973945192	708
46.3506177305051	709
46.3512357915558	708
46.3630397741024	709
46.3686139706795	710
46.3758653660577	711
46.3872202697482	712
46.400174201214	713
46.4193894720909	714
46.4208104414672	715
46.4224108829901	714
46.4243488831951	715
46.4276672197545	716
46.4390134560915	717
46.4604506176936	718
46.4845384248572	719
46.5863609450978	718
46.5869944758822	719
46.5880705708048	720
46.5897275185787	721
46.5919332287383	722
46.596291801158	723
46.6010202832629	724
46.6068755697568	725
46.6155587324981	726
46.6245495166738	727
46.6386462563758	728
46.63987099562	727
46.6448436430298	728
46.6696694632635	729
46.6845281384528	730
46.7204720880479	731
46.7573699671418	732
46.7977097574264	733
46.8505792636067	734
46.851836109149	735
46.8533881677656	734
46.8577882091856	735
46.8726637257139	736
46.8957980653147	737
46.9270541747908	738
46.9762548626975	739
46.9767879873623	738
46.978656228014	739
46.9879041149622	740
46.9913066877859	741
46.9947177486836	742
47.02523044435	743
47.025271923533	744
47.0259259835409	743
47.0285581046308	744
47.0383545477932	745
47.0659756186476	746
47.0837232201418	747
47.1055647536239	748
47.1481833822152	749
47.1481895555787	748
47.1519287653662	749
47.1550312658235	750
47.1597398166939	751
47.1861787989199	752
47.2336152821242	753
47.2657037257611	754
47.2661094116208	753
47.269594702653	754
47.2725944775318	755
47.2764999878289	756
47.2814908663438	757
47.2868096109175	758
47.2930875967884	759
47.3082277288356	760
47.4063236687377	759
47.4073270821989	760
47.410492925397	761
47.4154802527789	762
47.450154707725	763
47.469528988893	764
47.5183671088469	765
47.5501587958586	766
47.5501967509169	765
47.5505846210124	766
47.551090336621	767
47.555302127015	768
47.5751172352882	769
47.6044625725897	770
47.639905411035	771
47.6403029065239	770
47.6476289103864	771
47.6543166800527	772
47.663261938387	773
47.6741473996206	774
47.7028970266817	775
47.7226212001531	776
47.7448847922622	777
47.7798252497212	776
47.780519628757	777
47.7817855325754	778
47.7850464056007	779
47.7929231342621	780
47.7979014715872	781
47.8390636746533	782
47.8791932356305	783
47.8792762341234	782
47.88537758908	783
47.90695791126	784
47.9207834591414	785
47.9423993443395	786
47.9651505043055	787
48.0158080634917	788
48.0158585455044	787
48.017133689789	788
48.0297358341757	789
48.0361877775993	790
48.0428456587958	791
48.0584484402332	792
48.0761673998329	793
48.0978016823772	794
48.1447428807858	795
48.1448910035376	794
48.1459579094496	795
48.1471290195311	796
48.1486410573541	797
48.1537034826304	798
48.1575265513218	799
48.1636244124218	800
48.2380496059029	801
48.238394997037	800
48.2394210882028	801
48.2408601716868	802
48.2423463749708	803
48.2475924344742	804
48.2555290257567	805
48.264293190279	806
48.2840056942785	807
48.2972011912623	808
48.3309478882709	809
48.3309506921041	808
48.3373959639403	809
48.3406618879935	810
48.3594020362771	811
48.3917813207781	812
48.4264903459525	813
48.4876593705094	814
48.4877995884426	813
48.4880657231815	814
48.4885624304561	815
48.4905946363842	816
48.4950905472188	817
48.5106862352377	818
48.5203811579531	819
48.5415165365821	820
48.5633842625803	821
48.5635140723289	820
48.5641206055852	821
48.5659683166277	822
48.5775274370071	823
48.5941379937549	824
48.6869917908598	823
48.6903477409769	824
48.6970382100817	825
48.7041478209112	826
48.7112633461047	827
48.7203629301775	828
48.7297490850006	829
48.7413658803243	830
48.7572345459748	831
48.7768840851177	832
48.8114806512285	833
48.8115757698515	834
48.8117839717279	835
48.8131011264604	834
48.820820939608	835
48.8240554396734	836
48.8275397451334	837
48.833876622256	838
48.8546441750341	839
48.8547363381704	838
48.8553415711258	839
48.8565950171078	840
48.859039163076	841
48.8741527722204	842
48.8873010483558	843
48.9014233808021	844
48.9223401575337	845
48.9486801372595	844
48.9497234035271	845
48.95174878938	846
48.9541826512186	847
48.9619846254109	848
48.9739068274839	849
48.9865285412861	850
49.000663954158	851
49.0455215436859	852
49.0705782558698	851
49.0723772631654	852
49.0803197187533	853
49.1025270790024	854
49.1359420463605	855
49.174773426761	854
49.1784631059036	855
49.1891675157003	856
49.2053961570837	857
49.2192949581422	858
49.2338137946554	859
49.2491255601399	860
49.2659757894926	861
49.2666156478572	860
49.2676930607176	861
49.2965480673938	862
49.3205982342242	863
49.3381304208069	864
49.3580707356214	865
49.3780152842282	866
49.3784584576842	867
49.3791082344014	866
49.3837906109166	867
49.40611320883	868
49.431871850602	869
49.5280817957591	870
49.5291726380583	871
49.5305683673123	870
49.5328585244479	871
49.5354342120463	872
49.5383489676515	873
49.5513250794957	874
49.5808271257902	875
49.6091576996023	876
49.6381736951644	877
49.6387014747361	878
49.6397620438129	877
49.6422588244077	878
49.6884648935866	879
49.7045297237109	880
49.7216783879321	881
49.7457090025764	882
49.7717655034357	881
49.7721045303479	882
49.7810875555879	883
49.7848223023029	884
49.8155609535897	885
49.8409034906799	886
49.8410238575507	885
49.8422626689626	886
49.8435529712206	887
49.8452696029181	888
49.8470887599597	889
49.8534265562976	890
49.8607462478885	891
49.8683966698209	892
49.8879506627181	893
49.8880643709108	892
49.890750001372	893
49.8948205720644	894
49.9117488141183	895
49.9357868318457	896
49.9525919609714	897
49.9720955693174	898
49.9916834865708	899
49.9928851168497	898
49.9951575416035	899
49.9990305145166	900
50.0036969207122	901
50.0097473164915	902
50.0721687396417	903
50.073377276085	902
50.0754351699852	903
50.078196999164	904
50.0817597347905	905
50.0865121295337	906
50.1106029709463	907
50.1299148833041	908
50.1828076074726	907
50.1874430385778	908
50.1917771563294	909
50.1964589381951	910
50.2016313570912	911
50.2068179306934	912
50.2234978034521	913
50.2395138415868	914
50.263099267524	915
50.2633064181264	914
50.2679543804097	915
50.2718346879537	916
50.2850349537748	917
50.3079295420739	918
50.3340078444871	919
50.3633186390343	920
50.3634644404356	919
50.3637117504095	920
50.3641895480814	921
50.3649074672267	922
50.3686978223977	923
50.3715824166557	924
50.3755528077727	925
50.3829393119795	926
50.3907945820374	927
50.3990348086245	926
50.400060398797	927
50.4011136203208	928
50.4117706185807	929
50.4228947731335	930
50.4988132967283	931
50.5479612379004	932
50.5479690272441	931
50.5489061293738	932
50.5553233106002	933
50.5614241542608	934
50.5699821863636	935
50.5808194237143	936
50.5923342075512	937
50.6043028146341	938
50.6501956219108	937
50.6510090276388	938
50.6522009354339	939
50.6554329400205	940
50.6588453862605	941
50.6640665165869	942
50.6840808557135	943
50.7201910557014	944
50.7204031540714	943
50.7214735026173	944
50.7255438260436	945
50.7299368071072	946
50.7351069763936	947
50.7409172627777	948
50.7487685961351	949
50.7658007183745	950
50.7895417699292	951
50.83477497063	950
50.8362546239223	951
50.8399709411606	952
50.8446015906229	953
50.8515908042609	954
50.8626196016266	955
50.8743514972448	956
50.8879371774092	957
50.9021731386602	958
50.9239967777103	959
50.9240546955225	960
50.9244145447046	959
50.9253268801731	960
50.9262551397442	961
50.9272884541315	962
50.9306372280589	963
50.9415117434583	964
50.988624146795	963
50.9894337769413	964
50.9903109503259	965
51.0053196294514	966
51.0833423180786	967
51.1087049139944	968
51.1090715225484	967
51.1102547306266	968
51.1120507193894	969
51.1143948387519	970
51.116821707755	971
51.1250533383038	972
51.1421961188946	973
51.1588771660511	974
51.178435260493	975
51.178602755934	974
51.1797142053749	975
51.1813114970485	976
51.1852362063276	977
51.1912831599386	978
51.2114632148789	979
51.2225787351401	980
51.23701498383	981
51.2654701611521	982
51.2657841788807	983
51.2661186201933	982
51.2727131705235	983
51.283723928171	984
51.3178642677578	985
51.3376785526673	984
51.3377816591494	985
51.3395529530792	986
51.3529674328713	987
51.3597879206611	988
51.3668179504423	989
51.3789156975074	990
51.3943585969357	991
51.4295084021835	992
51.4300895159797	993
51.4309382810573	992
51.4399206716882	993
51.4447135412449	994
51.463541505331	995
51.4759129615816	996
51.4931048838737	997
51.5154005302431	998
51.5154808583941	997
51.5156497402243	998
51.5207526531779	999
51.5251524212547	1000
51.5532509569787	1001
51.603291678872	1002
51.6033913101239	1001
51.6035034096533	1002
51.6043072352734	1003
51.6070919548477	1004
51.6094240922796	1005
51.6127763972002	1006
51.6162699790987	1007
51.6425228234696	1008
51.6666139498668	1009
51.6669474853227	1008
51.6679230904231	1009
51.6730805411028	1010
51.6850294074068	1011
51.6934384334857	1012
51.7051341164881	1013
51.7184932542989	1014
51.7731567112753	1015
51.8052692463245	1014
51.8073288339804	1015
51.809971681578	1016
51.8138144102561	1017
51.8278372374045	1018
51.8382355182114	1019
51.865989557715	1020
51.8850085076558	1021
51.8850827589124	1020
51.8908509403775	1021
51.9143742240342	1022
51.9239086491364	1023
51.942684944843	1024
51.9429498587999	1025
51.9431747396304	1026
51.9435517277745	1025
51.9443309250348	1026
51.9518595993579	1027
51.9578010639236	1028
51.965654594271	1029
51.9904325058744	1030
51.9906369373205	1029
51.9943274005784	1030
52.0004189319445	1031
52.0408316964752	1032
52.1480605865365	1033
52.1480900690679	1032
52.1574192222927	1033
52.1620937850114	1034
52.1675712805029	1035
52.1735944118138	1036
52.1856396509122	1037
52.1990452887278	1038
52.2204408379059	1039
52.243204718254	1038
52.2437022680845	1039
52.2448380756853	1040
52.2466921976031	1041
52.2493744168626	1042
52.2633790848506	1043
52.2760701086102	1044
52.2926272190837	1045
52.3118871137578	1044
52.3132097684159	1045
52.3202368091172	1046
52.4121030350527	1047
52.4122944132562	1046
52.4144920611891	1047
52.4185956351596	1048
52.4226996771197	1049
52.4332563996452	1050
52.4398788118872	1051
52.5083837558652	1052
52.5086757721749	1051
52.5095643331899	1052
52.5254871324307	1053
52.5306861061274	1054
52.5368226674057	1055
52.5549937198541	1056
52.5782030309222	1057
52.5782569136156	1056
52.5855509085616	1057
52.5901941034047	1058
52.596143707264	1059
52.6039164835622	1060
52.6231489690056	1061
52.636803952608	1062
52.6506326716428	1063
52.6508991933463	1062
52.6513235332479	1063
52.6522641237045	1064
52.6554560433526	1065
52.6642199694563	1066
52.6721832440619	1067
52.6819529817824	1068
52.6945856833283	1069
52.7167234040628	1068
52.7176279058861	1069
52.722071238439	1070
52.7270874777989	1071
52.7326022918517	1072
52.745847808774	1073
52.7532973709697	1074
52.8029586532159	1073
52.8031050637749	1074
52.8046714397299	1075
52.8063099696685	1076
52.8118542181712	1077
52.8636973812629	1078
52.8889376889367	1079
52.8890647688479	1078
52.8917759976996	1079
52.8944377851387	1080
52.8978185382387	1081
52.902027300903	1082
52.9139610495133	1083
52.9211113451695	1084
52.9341184020689	1085
52.9490293954136	1084
52.9500256601591	1085
52.9529618180227	1086
52.9564462298863	1087
52.9645620355718	1088
52.9733523078598	1089
52.9877582457252	1090
53.0201891217716	1091
53.0202790583048	1090
53.0209373579623	1091
53.0217883031496	1092
53.0234422387935	1093
53.0295131246007	1094
53.0411267860241	1095
53.0741636494554	1096
53.0962263273455	1097
53.1200353873342	1098
53.1202366552084	1099
53.1219494187158	1100
53.1229311406264	1099
53.1245131395176	1100
53.1292317351677	1101
53.1394351413824	1102
53.1501798024751	1103
53.1620135000326	1104
53.2034550300218	1105
53.2035085491248	1104
53.2108397506986	1105
53.219755292625	1106
53.2275226127699	1107
53.2368079500616	1108
53.2863286111847	1109
53.2863413964365	1110
53.2865460436292	1111
53.2869009097772	1110
53.288282896086	1111
53.3248615694897	1112
53.3438214530902	1113
53.3939463380589	1114
53.3940670892112	1113
53.394220551992	1114
53.3946440088544	1115
53.3967463162767	1116
53.4010185192378	1117
53.4059090910519	1118
53.41112966631	1119
53.4248942102345	1120
53.4251028057402	1121
53.4254329451283	1120
53.4267335742402	1121
53.4286546151775	1122
53.4307074533931	1123
53.4336991918894	1124
53.4374792935482	1125
53.4492335064492	1126
53.466540212386	1127
53.485543970593	1128
53.4858082581118	1127
53.486229734342	1128
53.4869161382881	1129
53.489108200381	1130
53.4918025091388	1131
53.4958285179087	1132
53.5012333832779	1133
53.5074560467251	1134
53.5137770573706	1135
53.5495444933981	1136
53.5496220206328	1135
53.5498048682853	1136
53.5509536805253	1137
53.5543683188657	1138
53.5578003096084	1139
53.5614741061504	1140
53.5711300502221	1141
53.5780020732122	1142
53.587682081728	1143
53.5997621876809	1144
53.600430124839	1143
53.6101378560338	1144
53.6216535665367	1145
53.6317589948226	1146
53.6424249954794	1147
53.7140641160581	1148
53.7143109167732	1149
53.7145660953461	1150
53.7152254778407	1149
53.7243048750311	1150
53.7296532249525	1151
53.7359519164525	1152
53.820896932411	1151
53.8219996469775	1152
53.8263761906633	1153
53.8435646738139	1154
53.8719528909055	1155
53.8893769658384	1156
53.8899259946988	1155
53.9037278136452	1156
53.937636223643	1157
53.9506810056259	1158
53.977469963043	1159
54.0180731137148	1158
54.0206481855344	1159
54.0225722729442	1160
54.0363497411813	1161
54.0929968668129	1162
54.0934584994316	1161
54.0956482972465	1162
54.0983842580094	1163
54.1028501378819	1164
54.1074571359418	1165
54.1135826284512	1166
54.1218070598766	1167
54.1316463822946	1168
54.1758360179588	1169
54.1761633589263	1168
54.1765271744148	1169
54.1772892192744	1170
54.1884948438305	1171
54.2023053094085	1172
54.2181438262846	1173
54.2365708883367	1172
54.2437326472932	1173
54.2503820716152	1174
54.2886102756233	1175
54.3311701278067	1174
54.3315064243138	1175
54.3330526272398	1176
54.3353959959563	1177
54.338992607743	1178
54.3447345220116	1179
54.3517643650625	1180
54.3608445822824	1181
54.3715216992055	1182
54.3827169686188	1183
54.3968932508647	1182
54.3972162680798	1183
54.3991985411481	1184
54.4076050370563	1185
54.414333838467	1186
54.4219020092492	1187
54.4588503446062	1188
54.4767088745643	1187
54.4769576204631	1188
54.4776882794608	1189
54.4792630555962	1190
54.4815384657045	1191
54.4850132425704	1192
54.4933956959208	1193
54.5050181499605	1194
54.5180954239254	1195
54.5373506857936	1196
54.53736718555	1195
54.5377803470196	1196
54.5395722026892	1197
54.5480872227067	1198
54.5522098361703	1199
54.5573138810883	1200
54.5630425398426	1201
54.5778909816595	1202
54.5998361061515	1203
54.5999349127465	1202
54.6004533878236	1203
54.6017640266741	1204
54.6051339841156	1205
54.6090805329091	1206
54.6538641111633	1207
54.7431123660585	1208
54.7431342173582	1209
54.743642112669	1208
54.7447021976909	1209
54.7472759388252	1210
54.7526870021461	1211
54.7581294533661	1212
54.7739657960697	1213
54.8094734312831	1214
54.8345627135636	1213
54.83719622116	1214
54.8419840697238	1215
54.8505580453707	1216
54.8604885209857	1217
54.8871644335372	1218
54.9107650192959	1219
54.9121733076677	1218
54.9135618279029	1219
54.9350492435547	1220
54.9464603320735	1221
54.9586661106946	1222
54.9810144401195	1223
54.9812064583307	1222
54.9833120730832	1223
54.9846384553598	1224
54.9961473330982	1225
55.0053151551761	1226
55.0154938645787	1227
55.0463750394188	1228
55.0464995603611	1229
55.0466843844984	1228
55.0469498856178	1229
55.0495402001029	1230
55.0689327282084	1231
55.0822063827141	1232
55.1396339034759	1231
55.1405511271655	1232
55.1417639213828	1233
55.1524298400832	1234
55.1713361027864	1235
55.1839567055208	1236
55.2011484527243	1237
55.2270724783225	1238
55.2273252739028	1237
55.2278611377037	1238
55.2403765791019	1239
55.253944704767	1240
55.2756477300932	1241
55.3076618653645	1242
55.3079999338584	1241
55.3089807832362	1242
55.3100260185524	1243
55.3262213031044	1244
55.3369801538279	1245
55.3497259598439	1246
55.3640354955783	1247
55.3787592789372	1248
55.3792259357138	1247
55.3812519145863	1248
55.3841760639766	1249
55.3918515787659	1250
55.3980491481921	1251
55.4057399871958	1252
55.4141966466991	1253
55.4287535389153	1254
55.445934214556	1255
55.4460481011188	1256
55.4462124516281	1255
55.4488507982019	1256
55.4525239407226	1257
55.4563360626485	1258
55.4631604009915	1259
55.4924322872098	1260
55.5061968688528	1261
55.5062008795621	1260
55.5072531569576	1261
55.5091687147333	1262
55.5195883486713	1263
55.5277710940982	1264
55.536459466658	1265
55.5561876252586	1266
55.5680102829183	1267
55.5684880413874	1266
55.5701899943933	1267
55.5823383939978	1268
55.5874060717006	1269
55.5929006686029	1270
55.6390745577928	1271
55.6907539752838	1272
55.6909076064594	1273
55.6915258619238	1272
55.6992787502941	1273
55.7225051054966	1274
55.7348447282102	1275
55.749450019398	1276
55.7791251380231	1277
55.7791889289701	1276
55.7864469421229	1277
55.7934607971592	1278
55.8252457423268	1279
55.8448761055379	1280
55.8752686629205	1281
55.9078429454139	1280
55.9081965820706	1281
55.9098998846503	1282
55.9159611346449	1283
55.9186473101627	1284
55.93123447571	1283
55.9331453936366	1284
55.9410668295068	1285
55.9496619170723	1286
55.9588406039593	1287
55.9681550394935	1288
55.9811569694621	1289
55.9975418299628	1290
56.0150260385317	1291
56.0352949500275	1292
56.0596594176941	1291
56.0600201178795	1292
56.0695887402153	1293
56.0758175215206	1294
56.0841552092215	1295
56.1142293213388	1296
56.1300576011172	1297
56.1302117090863	1296
56.131609985624	1297
56.1330440771026	1298
56.1359675431349	1299
56.1393631368601	1300
56.1432583038886	1301
56.1528804376912	1302
56.1855440708068	1303
56.1859667783474	1302
56.1865280480461	1303
56.1877818090479	1304
56.1949844883393	1305
56.1996084155153	1306
56.2054844407003	1307
56.2120121397647	1308
56.2191814441803	1309
56.2321700590301	1310
56.2322114978642	1311
56.2337951025884	1310
56.2381928267614	1311
56.2418841344961	1312
56.2460340655134	1313
56.2504816602641	1314
56.2671787210465	1315
56.309235680169	1316
56.3096341916144	1315
56.3104791995038	1316
56.3126513591751	1317
56.3254871942818	1318
56.3328951715275	1319
56.3601941481948	1320
56.3956256822466	1321
56.3963769832817	1320
56.3974202788859	1321
56.3992514870088	1322
56.401502631973	1323
56.4039298807229	1324
56.4067951505031	1325
56.4147135148714	1326
56.4462603702168	1327
56.4741816109936	1328
56.4743500578088	1327
56.4767574679909	1328
56.4813055976165	1329
56.4870522751344	1330
56.4928598662709	1331
56.499014535254	1332
56.5183596366887	1333
56.544504098395	1334
56.5447305760217	1333
56.5457388386467	1334
56.5469387292733	1335
56.5488914001371	1336
56.5580519409023	1337
56.5740641554921	1338
56.5973121406614	1339
56.6119798686459	1340
56.6119895380552	1339
56.6120788053167	1340
56.6128326731641	1341
56.6140632458637	1342
56.6163891764963	1343
56.6201166367764	1344
56.6238569099596	1345
56.6309860147676	1346
56.6546297542891	1347
56.6692840851983	1348
56.6698331062298	1349
56.670356213589	1350
56.6710636285798	1349
56.6720089597011	1350
56.6736931172281	1351
56.6761807019438	1352
56.6862340860616	1353
56.7002432535019	1354
56.7203856373753	1355
56.7409057974737	1354
56.7410062082936	1355
56.7418682734724	1356
56.7428400260405	1357
56.7438950967053	1358
56.7451033771513	1359
56.7507780094175	1360
56.7598879432781	1361
56.7810117958588	1362
56.8175909230276	1361
56.8197285037977	1362
56.822212359265	1363
56.8277739136038	1364
56.832129613359	1365
56.836756110054	1366
56.8500870739599	1367
56.8733213056776	1366
56.8736502343754	1367
56.8756498635712	1368
56.8783043689991	1369
56.8812035305391	1370
56.8930657638202	1371
56.9035474371131	1372
56.9145914671908	1373
56.9448227493058	1374
56.94491201656	1373
56.9505678400683	1374
56.954285754292	1375
56.9583755032445	1376
56.9655314408528	1377
56.9761288542586	1378
56.990199928573	1379
56.9903017336264	1380
56.9904046304373	1381
56.9906807585294	1380
56.9941262574075	1381
56.9976156017883	1382
57.0014146714611	1383
57.0062422346464	1384
57.0184790626308	1385
57.0362054197258	1386
57.0365026485897	1385
57.0379713062221	1386
57.0420198266884	1387
57.0450120585529	1388
57.0510931572435	1389
57.0751529315976	1390
57.085169125211	1391
57.0985475823773	1392
57.0988592463773	1391
57.0998200052645	1392
57.1010520444479	1393
57.1127203940641	1394
57.1246554688778	1395
57.1376408939477	1396
57.1537242182758	1397
57.1845155336205	1396
57.1846777112814	1397
57.1848902519423	1398
57.1927062064506	1399
57.1983446838431	1400
57.205637224587	1401
57.2151451377295	1402
57.2275637189023	1403
57.2472658740453	1404
57.2472992312733	1403
57.2487309587932	1404
57.2506918405461	1405
57.2528918733633	1406
57.2569338557123	1407
57.2642728303372	1408
57.2763933603464	1409
57.2902036205678	1410
57.3075421255826	1411
57.3250708811729	1412
57.3251441938819	1413
57.3254521872632	1412
57.3262260812235	1413
57.3319926911399	1414
57.3351951690756	1415
57.338769340412	1416
57.3456137375806	1417
57.3572471951966	1418
57.3698907252301	1419
57.3838262166728	1420
57.3842289768118	1419
57.385742818723	1420
57.3878746917662	1421
57.399018185698	1422
57.4067459698026	1423
57.4227330316981	1424
57.4316424452891	1425
57.4566471814369	1426
57.4567095812718	1425
57.4573764220304	1426
57.4600603883346	1427
57.467193781883	1428
57.471602600087	1429
57.4912535520461	1430
57.5057286797282	1431
57.5256103983747	1430
57.5317714777675	1431
57.5405793143336	1432
57.5458233402942	1433
57.5531069524486	1434
57.5612422367458	1435
57.5700353961338	1436
57.5705495369521	1437
57.5714671128562	1436
57.5724453125049	1437
57.5825357303156	1438
57.6015284747018	1439
57.6485953830315	1440
57.6487317474721	1439
57.6490578397688	1440
57.6512104829353	1441
57.6553238497627	1442
57.6602148402062	1443
57.6779964102943	1444
57.6999128174548	1445
57.7136658032005	1446
57.7137989338562	1445
57.7181079306947	1446
57.7220023012096	1447
57.7306606004322	1448
57.7370802874984	1449
57.7480939285206	1450
57.7659081028151	1451
57.7840506390976	1452
57.8027724896865	1453
57.8034223937329	1454
57.8037984627199	1455
57.8044885466707	1456
57.8055313461127	1455
57.8163860076938	1456
57.8248222852026	1457
57.8339532902364	1458
57.8340706587014	1459
57.8343523652411	1458
57.8359536339822	1459
57.837537606928	1460
57.8392970260293	1461
57.841919372423	1462
57.8501339595359	1463
57.8564446301725	1464
57.863692702399	1463
57.8640223673365	1464
57.8673533851916	1465
57.8697127021087	1466
57.8726321292279	1467
57.8777836026793	1468
57.8943006294949	1469
57.906743146531	1470
57.9073172165599	1469
57.9122215305042	1470
57.9156545626984	1471
57.9196688088641	1472
57.9307733637334	1473
57.9375646052004	1474
57.9584534348041	1475
57.9586696323177	1474
57.9601292999514	1475
57.9630884929147	1476
57.9660504572612	1477
57.9708572947939	1478
57.9762854800147	1479
57.9820368066949	1480
57.9881979683933	1481
57.9983242350218	1482
57.9984317675708	1483
57.9989561309349	1482
57.9997155189058	1483
58.0011581587614	1484
58.003238553415	1485
58.0100565941548	1486
58.0170208334466	1487
58.0386462949691	1488
58.0689918466387	1489
58.0693022992646	1488
58.0732683419201	1489
58.0765864971045	1490
58.0810372807036	1491
58.0874556415665	1492
58.1040072102051	1493
58.1576692457902	1492
58.1586118079003	1493
58.1737478357254	1494
58.193051978059	1495
58.2078250190689	1496
58.2440045467092	1497
58.2448910885587	1498
58.2459511314382	1497
58.2498857587207	1498
58.2573504507172	1499
58.263675762676	1500
58.2710868742879	1501
58.2856967736598	1502
58.301372137722	1503
58.3180611833677	1502
58.3249638512943	1503
58.3295461069074	1504
58.3420321079184	1505
58.3499556597535	1506
58.3596396459479	1507
58.3917788243134	1508
58.391856450392	1507
58.3924401023332	1508
58.3953165890789	1509
58.3993793217605	1510
58.4046633782937	1511
58.4167999112187	1512
58.4250448783068	1513
58.4333675493626	1514
58.4502605324897	1513
58.4520043501916	1514
58.4539931676636	1515
58.4574934464699	1516
58.4616500839411	1517
58.4661080121814	1518
58.4730288388028	1519
58.4806382164179	1520
58.4887571383088	1521
58.5001862097352	1522
58.517527737823	1523
58.5175506306941	1522
58.5205475337816	1523
58.5284072543973	1524
58.5549435998792	1525
58.6236534110749	1526
58.6242139766937	1525
58.6249539726077	1526
58.6257531436522	1527
58.6282688742167	1528
58.6336768129504	1529
58.6392511068507	1530
58.6477770614101	1531
58.6657007024287	1532
58.6753395115911	1531
58.677155959881	1532
58.682850318025	1533
58.686714017992	1534
58.692792024226	1535
58.699179650047	1536
58.7061524528499	1537
58.7137690025802	1538
58.7247072046111	1539
58.7249309851859	1538
58.73390672402	1539
58.7394822537854	1540
58.7540082186415	1541
58.8005259822703	1540
58.8007226030049	1541
58.8014982541963	1542
58.802353531838	1543
58.8037264957266	1544
58.8059557315601	1545
58.8088671313772	1546
58.8140795082027	1547
58.822006678226	1548
58.8317448767075	1549
58.8620363408873	1550
58.862081481594	1549
58.8625143385862	1550
58.8640857291311	1551
58.8660239704323	1552
58.8685256900635	1553
58.8814037084949	1554
58.8897318231311	1555
58.8993577590581	1556
58.91108742509	1557
58.9331645555858	1558
58.9336659970058	1557
58.9343069235392	1558
58.934990503948	1559
58.9401215560565	1560
58.9494797181169	1561
58.9612169711681	1562
58.9679632050747	1563
58.9680065035273	1562
58.9689921071904	1563
58.9728349138668	1564
58.9769895420095	1565
58.9816777728183	1566
58.9868471909931	1567
58.9921177051647	1568
58.9985525383299	1569
59.0155908054358	1570
59.0313263347989	1571
59.0320331930334	1570
59.0330246242147	1571
59.0344417168444	1572
59.0363580733456	1573
59.0387420710094	1574
59.0415473333478	1575
59.0510120321915	1576
59.0599794969812	1577
59.0705791688442	1578
59.0894960028299	1579
59.0897935246239	1578
59.0933684478287	1579
59.0963495452661	1580
59.1008084863197	1581
59.1077557070885	1582
59.1293500014353	1583
59.142112979177	1584
59.160240518896	1583
59.1607861451112	1584
59.1618430360459	1585
59.1640048799809	1586
59.1679845023673	1587
59.1721880137693	1588
59.1766268866841	1589
59.1819112123694	1590
59.2031160928082	1591
59.223979642592	1592
59.2240879949595	1591
59.2253863877331	1592
59.2272417947597	1593
59.2298632538359	1594
59.2388576752919	1595
59.2483822712156	1596
59.2730441307131	1597
59.2973498766723	1598
59.3383116226823	1597
59.3391136052733	1598
59.3521896297525	1599
59.365686690383	1600
59.3771276054386	1601
59.3895090080396	1602
59.3903896922775	1601
59.3914221595105	1602
59.3928299687168	1603
59.4115115549712	1604
59.4236006360798	1605
59.4396532714663	1606
59.4656550564168	1607
59.4939692929684	1608
59.5255932413338	1609
59.5257645105949	1608
59.5266149434965	1609
59.5280241259379	1610
59.5328138974501	1611
59.5357946754439	1612
59.5400605179375	1613
59.5497768256819	1614
59.5600499581551	1615
59.5718994220724	1616
59.5843853322795	1617
59.5843995966061	1616
59.5861604983074	1617
59.5884228382347	1618
59.5918700358452	1619
59.5953477498697	1620
59.6090907862963	1621
59.6168315749237	1622
59.6426387022802	1623
59.6426730233943	1622
59.6428606352711	1623
59.6433166173229	1624
59.6453712820949	1625
59.6490854647418	1626
59.6562578509038	1627
59.6763458678906	1628
59.6867543345725	1629
59.7033520669029	1630
59.7035226533444	1629
59.7038000865396	1630
59.7077435907231	1631
59.7144120410339	1632
59.7183771725067	1633
59.723275775581	1634
59.7307361527601	1635
59.7398505116253	1634
59.7403324525476	1635
59.7408604230986	1636
59.7418253590258	1637
59.7430584404756	1638
59.7471202828128	1639
59.7516294165653	1640
59.7563644747388	1641
59.7632619214382	1642
59.8194617887166	1643
59.819646943386	1642
59.8209696303347	1643
59.822623237571	1644
59.8327470171025	1645
59.8390845312497	1646
59.8535057563095	1647
59.8727505892275	1648
59.8727653080787	1647
59.873219417037	1648
59.8745127426009	1649
59.8775534598171	1650
59.8893100580681	1651
59.9078474537018	1652
59.916652296637	1651
59.9170010202179	1652
59.918587621356	1653
59.9201920769956	1654
59.9248349947702	1655
59.9382601065408	1656
59.9458129463565	1657
59.9535115199942	1658
59.9655276412923	1659
59.9818068972636	1660
59.981822859374	1659
59.9853245617942	1660
59.9875157172446	1661
59.9902542379805	1662
59.9933664137152	1663
60.0308441291218	1664
60.0309247122441	1663
60.0311398449503	1664
60.0329609633573	1665
60.0390890430808	1666
60.0432532466166	1667
60.0481627973877	1668
60.0542444879338	1669
60.0622513102517	1670
60.0900635117523	1669
60.0908484124902	1670
60.0918288662888	1671
60.0928687162323	1672
60.1189771730078	1673
60.1605920277161	1674
60.1607886000074	1675
60.1609926238834	1674
60.1633364541867	1675
60.1690215575454	1676
60.1727299715803	1677
60.1788968590499	1678
60.1853396247552	1679
60.2072980159373	1680
60.2074950445913	1679
60.208026290662	1680
60.20877350712	1681
60.2109492168183	1682
60.2160269353426	1683
60.2191811176836	1684
60.2224025696869	1685
60.2286676115709	1686
60.2509388344133	1687
60.2524086873982	1686
60.2580729178389	1687
60.2619859203933	1688
60.2898899503289	1689
60.2900475216393	1688
60.2903202802936	1689
60.290780340898	1690
60.2917082951117	1691
60.2987088598256	1692
60.3045746046064	1693
60.3105732840431	1694
60.3189425715191	1695
60.3316590231789	1696
60.3517121174318	1697
60.351821682636	1696
60.354507478407	1697
60.3568521777506	1698
60.35929209598	1699
60.366137465915	1700
60.3702567159071	1701
60.4167464831717	1702
60.4167770509102	1701
60.4182246887667	1702
60.4208497776726	1703
60.4266018659419	1704
60.4310159004835	1705
60.4439780685661	1706
60.4511163105799	1707
60.4636857855676	1708
60.4636951101056	1707
60.4641897811598	1708
60.4668398859139	1709
60.4749598504204	1710
60.4894563924681	1711
60.5271450072687	1712
60.5272463428846	1711
60.5285742727865	1712
60.5311239681032	1713
60.5390877924219	1714
60.5442430586845	1715
60.5510867275589	1716
60.5583583610423	1717
60.6340411445417	1718
60.6344885199214	1719
60.635137471254	1718
60.6360285066767	1719
60.6379535928136	1720
60.6403502618196	1721
60.6431717592059	1722
60.6479245260125	1723
60.6557588152355	1724
60.6802406025818	1725
60.6940061704954	1726
60.6941814336024	1725
60.6944453149481	1726
60.6947508136946	1727
60.6956516856881	1728
60.7024655012501	1729
60.7084219633689	1730
60.7151194788603	1731
60.7222721847793	1732
60.734041574513	1733
60.7492349988024	1732
60.7495698272251	1733
60.7530541640008	1734
60.7667227700586	1735
60.7752057953039	1736
60.7848202619934	1737
60.8002940356964	1738
60.8004106583758	1737
60.8018888958832	1738
60.8047669120933	1739
60.808965365366	1740
60.8149669565828	1741
60.8217340670162	1742
60.8295239694053	1743
60.8373376289019	1744
60.8376740020904	1745
60.8379899552529	1746
60.8383582694078	1745
60.8409250684636	1746
60.8427303468197	1747
60.8463581828255	1748
60.8551282519329	1749
60.8604308874201	1750
60.8605668256932	1749
60.8615232782904	1750
60.8623786553508	1751
60.8634883560007	1752
60.8648909447948	1753
60.8664936344139	1754
60.8687671015505	1755
60.8797754689585	1756
60.8873985998798	1757
60.8875203656062	1756
60.8888466040226	1757
60.8907780110458	1758
60.894893036093	1759
60.9001389330806	1760
60.9115547629626	1761
60.9176434980327	1762
60.9459079777444	1763
60.9459964699854	1764
60.9461610662911	1763
60.9481164279496	1764
60.9510074946666	1765
60.9554971414254	1766
60.9601432974087	1767
60.9649385022567	1768
60.982215878983	1769
60.9973437771187	1768
60.9986391929197	1769
60.9999780826256	1770
61.0049235772094	1771
61.0089374168529	1772
61.0133243913515	1773
61.0180395704447	1774
61.0255988759673	1775
61.0358019949272	1774
61.0393908462356	1775
61.0411263369824	1776
61.0432093006893	1777
61.0462705826722	1778
61.0497032255735	1779
61.0581209418233	1780
61.0840956295797	1779
61.0843480380208	1780
61.1005515926008	1781
61.1064656050367	1782
61.1127862119538	1783
61.1191294551318	1784
61.1262088464064	1785
61.1266190046517	1786
61.1270357635003	1787
61.127666368302	1786
61.1307465596838	1787
61.1364680495826	1788
61.1409301659805	1789
61.1473053283771	1790
61.155914058887	1791
61.1683074086686	1792
61.1683100124837	1791
61.171823975089	1792
61.1741456223363	1793
61.1770906256688	1794
61.1841864552525	1795
61.1923284841878	1796
61.2015997044919	1797
61.2130307857124	1798
61.2131427201357	1797
61.2132804368275	1798
61.2151699164651	1799
61.2164937223542	1800
61.2183242755245	1801
61.2211192192744	1802
61.2506878234681	1803
61.2507042793141	1802
61.250786737618	1803
61.2510703065409	1804
61.2524988416326	1805
61.2543195960088	1806
61.2567559961672	1807
61.259344200741	1808
61.2620258660963	1809
61.2723009622632	1810
61.2784031321271	1811
61.2788018282072	1812
61.2792307400878	1811
61.2805198828491	1812
61.2818946306861	1813
61.2863698619685	1814
61.3096966854564	1815
61.3256887755624	1816
61.3257914922933	1815
61.32600137186	1816
61.3291679559252	1817
61.3341509424126	1818
61.338648167809	1819
61.3572279106802	1820
61.3700475817523	1821
61.3854247335321	1822
61.3854269760225	1823
61.3854481641204	1822
61.3861090168969	1823
61.3937388272636	1824
61.3979039500148	1825
61.4096252909542	1826
61.417453588979	1827
61.4267432643712	1828
61.4268923356169	1829
61.4270913011017	1828
61.4281897640642	1829
61.4346523906891	1830
61.4469475171384	1831
61.4561891968217	1832
61.4748320898827	1833
61.4749485528257	1832
61.4776316145246	1833
61.4802062897754	1834
61.484202056173	1835
61.4889124366266	1836
61.4943200228547	1837
61.5024518072416	1838
61.5124689917823	1839
61.5242403420082	1838
61.5278596820238	1839
61.5342279856952	1840
61.5403601893152	1841
61.5481629784147	1842
61.5561757816861	1843
61.5646656474958	1844
61.5734483723456	1845
61.5872748869399	1846
61.587375534745	1845
61.5886239345448	1846
61.5913548279816	1847
61.5937649282889	1848
61.5974238818774	1849
61.6013790142054	1850
61.6183315716946	1851
61.631284962062	1852
61.6314188386343	1851
61.6327723749012	1852
61.6347037901899	1853
61.6367691607477	1854
61.6414998025896	1855
61.6479539467284	1856
61.6516778549442	1857
61.660333189767	1858
61.6709684325244	1857
61.6712298240957	1858
61.6716599480926	1859
61.6723251659053	1860
61.6747296293827	1861
61.6774803942164	1862
61.6804331673404	1863
61.6874065701479	1864
61.7029288564438	1865
61.7188761368955	1866
61.7189995869042	1867
61.7192123126508	1866
61.7197544530566	1867
61.7202015350115	1868
61.7220166374821	1869
61.7241409684423	1870
61.7277293110158	1871
61.7431764970891	1872
61.7437652782603	1871
61.7462024485351	1872
61.7493227908046	1873
61.7537705694915	1874
61.7601863617667	1875
61.7677691300989	1876
61.778518033366	1877
61.8145530821414	1878
61.8147183876201	1877
61.8157678084165	1878
61.8175503329323	1879
61.8194598316397	1880
61.8253560951628	1881
61.831436130283	1882
61.8538795076959	1883
61.8674146924816	1884
61.8674664358944	1885
61.8677816574157	1884
61.8681014312708	1885
61.8696928599195	1886
61.8713745609668	1887
61.8745940374022	1888
61.878388911234	1889
61.8879125385822	1890
61.8982373510764	1891
61.9403639898912	1892
61.9409767864956	1891
61.9416894353446	1892
61.9427541018915	1893
61.9447658918318	1894
61.9511437457506	1895
61.9559478209806	1896
61.9733822526862	1897
61.9878216473837	1898
61.9878417815464	1897
61.9878788142826	1898
61.9887087309628	1899
61.9896671411709	1900
61.9949003363156	1901
61.9975884378084	1902
62.000282536553	1903
62.0143348773138	1904
62.0236777247058	1905
62.0245459514056	1906
62.0254548775349	1905
62.0303782037311	1906
62.0345742082075	1907
62.039568815738	1908
62.0474990321175	1909
62.0677884904519	1910
62.0897751860878	1909
62.0907680499924	1910
62.094429820366	1911
62.097682770863	1912
62.1164694307929	1913
62.1317213383129	1914
62.1483825315352	1913
62.1487370048396	1914
62.1496396280106	1915
62.1507033334326	1916
62.1574675551362	1917
62.166639456407	1918
62.1760692902587	1919
62.1872985296629	1920
62.2089818696311	1919
62.2095328712073	1920
62.2123428317188	1921
62.214448613993	1922
62.2172464820958	1923
62.2336923009186	1924
62.2503796047001	1925
62.2509543729882	1926
62.2518187087896	1925
62.2572352188342	1926
62.2599777784833	1927
62.2638649221678	1928
62.2679179998283	1929
62.2747080561874	1930
62.2926826670644	1929
62.2932781146717	1930
62.2943799905822	1931
62.3005330445355	1932
62.307716037996	1933
62.3165103615372	1934
62.3411151570379	1935
62.3658384819626	1936
62.3662365434336	1935
62.3714031955803	1936
62.3755439684371	1937
62.3798987298849	1938
62.3864200666192	1939
62.4060131564381	1940
62.4382938343676	1941
62.4571422405186	1942
62.4572207407671	1941
62.4575610400696	1942
62.4585271205922	1943
62.4601640251401	1944
62.4638199456438	1945
62.468410034611	1946
62.4805971788644	1947
62.4881683824985	1948
62.5015986482083	1949
62.5172653155803	1950
62.5173282028534	1949
62.5177778869236	1950
62.5182491415596	1951
62.5191562988164	1952
62.524226645224	1953
62.5361880038233	1954
62.5427136828491	1955
62.5506900118032	1956
62.559082315054	1957
62.5595900589667	1956
62.5645763971095	1957
62.5938037311842	1958
62.6049516102482	1959
62.6168245807182	1958
62.6194913600464	1959
62.624257602625	1960
62.6291105434191	1961
62.6345521997553	1962
62.6406978581924	1963
62.648366586667	1964
62.6764999389541	1965
62.6906163242072	1964
62.6918588151582	1965
62.69528719202	1966
62.6978926612189	1967
62.7014815146229	1968
62.7059508464424	1969
62.7106327838389	1970
62.7165614762469	1971
62.737375480601	1972
62.7374631934051	1971
62.7394570362355	1972
62.741552245903	1973
62.7437062995575	1974
62.7462237361885	1975
62.7582022171534	1976
62.7769744578816	1977
62.7771230384512	1976
62.7779884900353	1977
62.778931527542	1978
62.7799374885196	1979
62.7843174330462	1980
62.7879504278806	1981
62.7916138548442	1982
62.7971438331567	1983
62.8040522070639	1984
62.8115599517748	1985
62.8116201734026	1984
62.8117626972178	1985
62.812139860014	1986
62.8138193574357	1987
62.8224971762481	1988
62.8272825840484	1989
62.8334166936199	1990
62.8426000408451	1991
62.8534413331743	1992
62.8649735904853	1993
62.8650459207727	1992
62.8656266523192	1993
62.8676248022255	1994
62.8696709763624	1995
62.8719428674683	1996
62.8742775371663	1997
62.8888436504074	1998
62.8985655228041	1999
62.8986480476394	1998
62.9006520030614	1999
62.9020508030023	2000
62.9053634472018	2001
62.9092148583675	2002
62.917848234001	2003
62.9249758738385	2004
62.9434830452608	2005
62.9439047911671	2004
62.9445616849932	2005
62.945264454838	2006
62.9471922868631	2007
62.9503025289394	2008
62.9538344945993	2009
62.9598141820404	2010
62.9658764121357	2011
62.996309645963	2012
62.9971186965356	2011
62.9982102542069	2012
63.000447507098	2013
63.0186032856234	2014
63.027966910822	2015
63.0505325559877	2016
63.0723525945448	2017
63.0723869528354	2016
63.0728897307615	2017
63.0734613098518	2018
63.0743019671843	2019
63.0751848663401	2020
63.0764508852933	2021
63.0777476052951	2022
63.0834338246111	2023
63.0915546594386	2024
63.1045263968606	2025
63.1046245099549	2024
63.1127869669851	2025
63.1169614229855	2026
63.1354578199368	2027
63.1731612045821	2028
63.1732184748123	2027
63.1755076928546	2028
63.1777998963387	2029
63.1804232834854	2030
63.1834163065084	2031
63.1873179129341	2032
63.1915025142969	2033
63.2009664084778	2034
63.2119889520125	2035
63.2121680678554	2034
63.2125763815873	2035
63.2144609681143	2036
63.2159507377817	2037
63.2183427767175	2038
63.2236107632796	2039
63.2292514423186	2040
63.2434279311726	2041
63.2548040885756	2042
63.2551693577714	2043
63.2555744862345	2042
63.2561667802672	2043
63.2578986130118	2044
63.260178359358	2045
63.2646397083461	2046
63.2705408592171	2047
63.2766391794592	2048
63.2858223590463	2049
63.2978698435634	2050
63.3247709117293	2051
63.3248094929857	2050
63.3249812829288	2051
63.3261200711111	2052
63.328454101689	2053
63.3310797889696	2054
63.3337734295035	2055
63.3369299753083	2056
63.3413819910472	2057
63.3461685345953	2058
63.3548507427311	2059
63.3674991929418	2060
63.3676018081658	2059
63.3680032284517	2060
63.3692990766192	2061
63.3721405415615	2062
63.3753279076243	2063
63.3848399521137	2064
63.3912054827722	2065
63.3993128106283	2066
63.4102424212085	2067
63.4264149103599	2068
63.4267454042617	2067
63.427334175625	2068
63.4282769036415	2069
63.4301198431692	2070
63.4323812592245	2071
63.4348057119112	2072
63.4381214654475	2073
63.4438285747945	2074
63.4509742720454	2075
63.4586922418728	2076
63.4686098065629	2077
63.4686731206073	2078
63.4688949572208	2079
63.4691633265518	2080
63.4694655086839	2079
63.4707742484513	2080
63.4721735868131	2081
63.4736187181895	2082
63.4946463746944	2083
63.4951889226848	2084
63.4954940073128	2083
63.4988411019492	2084
63.5022903896804	2085
63.505763503437	2086
63.5101326906058	2087
63.5170039061393	2088
63.5258148938353	2089
63.5529760645638	2090
63.5530101886232	2089
63.5544075233609	2090
63.5567330225583	2091
63.5591030941557	2092
63.5657249399208	2093
63.5692179749001	2094
63.5743510365699	2095
63.5832620715935	2096
63.6288251519416	2097
63.6292512160705	2096
63.6315605817342	2097
63.6358163738603	2098
63.6442142380381	2099
63.6499952487627	2100
63.6781960297355	2101
63.6784754194648	2102
63.6788179763223	2101
63.6813344560194	2102
63.6829699610223	2103
63.6901031599243	2104
63.6955058492583	2105
63.7033914059264	2106
63.7176683481646	2107
63.7176852598311	2106
63.7182614033916	2107
63.7195304840677	2108
63.7227240559985	2109
63.7261881831907	2110
63.7300043535759	2111
63.7715249011633	2112
63.7716357409406	2113
63.7717964280344	2114
63.7722674088761	2113
63.7736094565805	2114
63.7766757737588	2115
63.778719030295	2116
63.7838724516075	2117
63.7878423773034	2116
63.7884122317589	2117
63.7943212527714	2118
63.7976461027681	2119
63.8010364612962	2120
63.8056608653094	2121
63.8106813813026	2122
63.8277138350929	2123
63.8277266308248	2122
63.8278518273107	2123
63.8286280765858	2124
63.8310672233308	2125
63.8344716110694	2126
63.8399979353378	2127
63.8463510784748	2128
63.8528493309821	2129
63.8822546612898	2130
63.8822917450559	2129
63.8828356581032	2130
63.8841911444431	2131
63.8884451398151	2132
63.8910294346968	2133
63.8952067093449	2134
63.9156735473769	2135
63.9254208532618	2136
63.9256264559333	2135
63.9264168585175	2136
63.9276919322545	2137
63.9315536674801	2138
63.9339771297052	2139
63.9476967745684	2140
63.9723318082504	2141
63.9906939877217	2140
63.991777803192	2141
63.9952779962002	2142
63.9978482746772	2143
64.0025806520387	2144
64.0152219417757	2145
64.021716853629	2146
64.0398541884749	2147
64.039983348466	2146
64.0411948040817	2147
64.0421567340488	2148
64.0438427069564	2149
64.0461479924959	2150
64.0581628639591	2151
64.0723701241766	2152
64.0726335964389	2151
64.0736877346169	2152
64.0779977204036	2153
64.0845648539942	2154
64.0885599926803	2155
64.1007249104548	2156
64.1090639448482	2157
64.1180847250614	2158
64.1181492547364	2159
64.1183436680619	2158
64.1196775254246	2159
64.1206089637742	2160
64.1224087635089	2161
64.125642139468	2162
64.1299788090435	2163
64.1347732637112	2164
64.1431277133559	2165
64.1591382026707	2166
64.1591784000445	2167
64.1592573740961	2166
64.1597162174037	2167
64.1603146019368	2168
64.1613439781102	2169
64.1624684235755	2170
64.167056760725	2171
64.1730585568328	2172
64.1793338469904	2173
64.2074249395844	2174
64.2074357012941	2175
64.2074969793946	2174
64.2078098525278	2175
64.2082420260747	2176
64.2091602601329	2177
64.2101882275645	2178
64.2178379635777	2179
64.2256367535781	2180
64.2824062475454	2181
64.2825572695335	2180
64.2829311751455	2181
64.2844098807589	2182
64.2862722603647	2183
64.293069694894	2184
64.3028509698386	2185
64.31340541854	2186
64.3242728037337	2187
64.3490941224197	2188
64.3491875559964	2189
64.3494363531179	2188
64.3499197801109	2189
64.3539515487034	2190
64.3686973515548	2191
64.3783246369683	2192
64.3784004392044	2191
64.3791846318461	2192
64.3806067089142	2193
64.3861751832126	2194
64.397748351196	2195
64.4021257358661	2196
64.420854310604	2197
64.4209476653311	2198
64.4210736016073	2197
64.4216131014662	2198
64.4232365309406	2199
64.4287814008683	2200
64.4404721494909	2201
64.4585889468115	2202
64.4590431835502	2203
64.4593130208202	2202
64.46073923168	2203
64.4731603406951	2204
64.498957109882	2205
64.5168630766682	2206
64.5170069711428	2205
64.5171992147195	2206
64.5175020293361	2207
64.5184196238668	2208
64.5216358935256	2209
64.525420297429	2210
64.5292565878742	2211
64.5362761495896	2212
64.543515182592	2213
64.5517010926531	2214
64.5518074651416	2213
64.5521537214161	2214
64.5528682817464	2215
64.5566530433941	2216
64.5591558198437	2217
64.5634054233312	2218
64.5685600777149	2219
64.5742658347815	2220
64.5831964797333	2221
64.5834168007939	2220
64.590065531979	2221
64.6014310536782	2222
64.6080824905882	2223
64.6223668661776	2224
64.642133567563	2225
64.6557731778237	2226
64.655790423584	2227
64.6559549798937	2226
64.6579357509715	2227
64.6615293194288	2228
64.665518660632	2229
64.674537257825	2230
64.6806293419311	2231
64.6884898758242	2232
64.6985618603164	2233
64.6988262652983	2232
64.6995209053373	2233
64.7005445198836	2234
64.7029892130038	2235
64.7063809075141	2236
64.7105853092605	2237
64.7197318063797	2238
64.7267713142307	2239
64.7585405433299	2240
64.7586175770509	2239
64.7589279789779	2240
64.7619974255165	2241
64.7638627279619	2242
64.7659357993932	2243
64.769333890227	2244
64.7730796854546	2245
64.7804099498851	2246
64.7950139130069	2247
64.7953120962436	2246
64.7957957475981	2247
64.7963083983002	2248
64.7977976517821	2249
64.7997290379669	2250
64.8029626248706	2251
64.8063488934956	2252
64.832229904069	2253
64.8466933371335	2254
64.8467240408197	2253
64.8471363373526	2254
64.8481954342412	2255
64.8509466167732	2256
64.8538290433778	2257
64.8568297777517	2258
64.865710360157	2259
64.8791224618169	2260
64.8872613140109	2261
64.8872964005557	2260
64.8878750703868	2261
64.8889443767828	2262
64.8907857571601	2263
64.8948251730169	2264
64.8993757608685	2265
64.9051183624531	2266
64.9139509251679	2267
64.9363654977049	2268
64.9363702829667	2269
64.9365561660322	2268
64.9376440801368	2269
64.9398856473797	2270
64.9438965053939	2271
64.9483994472482	2272
64.9546172398784	2273
64.9614186797933	2274
64.9901017033205	2275
64.9901026692776	2276
64.9904017861434	2275
64.9909347674427	2276
64.9940137771507	2277
64.9960546075915	2278
65.00228764085	2279
65.0059272720562	2280
65.0130463413977	2281
65.0137604377112	2280
65.0153883008632	2281
65.0173364968384	2282
65.0193186038985	2283
65.0213508375334	2284
65.0237589999913	2285
65.0264775205749	2286
65.0359011099088	2287
65.0454262207083	2286
65.0458560103605	2287
65.0471723369144	2288
65.0486148541847	2289
65.0533758299014	2290
65.0568439522347	2291
65.0609889775103	2292
65.06699213754	2293
65.0756554137504	2294
65.0863848877659	2295
65.0864923686411	2296
65.0866599620301	2295
65.0882259029411	2296
65.0901666780217	2297
65.095868003157	2298
65.0995141447736	2299
65.1035146977035	2300
65.1160879156766	2301
65.1302379652141	2302
65.1303167943795	2301
65.1307035823072	2302
65.131706938492	2303
65.1329132120543	2304
65.1348508058534	2305
65.1376122655299	2306
65.1408217700616	2307
65.1488255935208	2308
65.1577130902976	2309
65.1691224474878	2310
65.1841855721966	2311
65.184338365342	2310
65.1850327925738	2311
65.1867880561138	2312
65.189548831501	2313
65.1936131278733	2314
65.2072928013029	2315
65.2162399930628	2316
65.2614016528921	2317
65.2614454733218	2316
65.2637475270265	2317
65.2656212248792	2318
65.2675107538187	2319
65.2698699559503	2320
65.2804538391017	2321
65.289116006107	2322
65.3107803927221	2323
65.3109515831263	2322
65.3112073737527	2323
65.3118792427802	2324
65.3173619187535	2325
65.3238984835432	2326
65.3308376199664	2327
65.351073445762	2328
65.3513389476673	2329
65.3517556267423	2330
65.3521789596514	2329
65.3528054466103	2330
65.3537750202329	2331
65.358039515452	2332
65.3612053865898	2333
65.3643935070238	2334
65.3684620045922	2335
65.3728735254942	2336
65.3731824181257	2335
65.3753999355929	2336
65.3768108722968	2337
65.3791816994296	2338
65.3852437088015	2339
65.3943221416073	2340
65.4005761286924	2341
65.4083982473919	2342
65.4084081673207	2341
65.4087040612792	2342
65.4097247008319	2343
65.4110885759435	2344
65.4125221697466	2345
65.4157350652238	2346
65.4215030947087	2347
65.4285396442135	2348
65.436892614918	2349
65.4814240310659	2350
65.4814785271517	2349
65.4815348633381	2350
65.4844455924138	2351
65.4874046440489	2352
65.4936724063261	2353
65.4970249710857	2354
65.5009160307488	2355
65.5050761336713	2356
65.5109711336224	2357
65.5109882209888	2356
65.5112472715643	2357
65.5115780827271	2358
65.5120620606556	2359
65.5128578735837	2360
65.5138674023417	2361
65.5161213072804	2362
65.5464735709918	2363
65.5467495368882	2362
65.5478549982743	2363
65.5497962918687	2364
65.5513431148227	2365
65.5529110580771	2366
65.5551121495753	2367
65.5620466885246	2368
65.579806503383	2369
65.5801852697712	2368
65.5806230112883	2369
65.5813451501979	2370
65.5858651487595	2371
65.5890513315769	2372
65.596777002045	2373
65.6048222535262	2374
65.6142224005396	2375
65.6291934695998	2376
65.6294140695916	2377
65.6297493739783	2378
65.6302048152809	2379
65.6308981308628	2380
65.6317187676702	2379
65.6334853300157	2380
65.6381279800351	2381
65.6496708739812	2382
65.669515708674	2383
65.6699151462906	2382
65.6719125251491	2383
65.6739399391897	2384
65.6766498625018	2385
65.6812445442863	2386
65.6864296897054	2387
65.6923172982149	2388
65.7105152114034	2389
65.7417833915185	2390
65.742868236566	2389
65.7450115672052	2390
65.750386172507	2391
65.7536274900865	2392
65.7576751046088	2393
65.7695003057104	2394
65.7773336980697	2395
65.78668101581	2396
65.7867594809084	2395
65.7869937001103	2396
65.788010130085	2397
65.7893219759296	2398
65.7945385711807	2399
65.7979216758702	2400
65.8031805736553	2401
65.8086420061607	2402
65.8143181420471	2403
65.8311213563736	2404
65.8312888737435	2403
65.8315586783881	2404
65.8325704605975	2405
65.8339761118129	2406
65.8354011630597	2407
65.8369499795097	2408
65.8422278865198	2409
65.8543215115512	2410
65.8703791835303	2411
65.8707902564217	2410
65.8734686421246	2411
65.8758699251355	2412
65.8908919445255	2413
65.9320174003967	2414
65.9545543133006	2415
65.9550288096377	2414
65.9563030980369	2415
65.9606995173106	2416
65.9672538675675	2417
65.9716407563844	2418
65.9779258193755	2419
65.9844480529735	2420
66.0075694956192	2421
66.0075765282488	2420
66.0080083681494	2421
66.008920083648	2422
66.0133900955659	2423
66.0184013542128	2424
66.0239964412865	2425
66.0302889450793	2426
66.056108064611	2427
66.0562413646801	2426
66.0566406927499	2427
66.0574089038962	2428
66.0593444087388	2429
66.0623744439179	2430
66.0751543139884	2431
66.0828774498621	2432
66.0912674536773	2433
66.1087276005962	2434
66.1267254831016	2433
66.1277663944036	2434
66.129384982514	2435
66.131179562535	2436
66.1331530434525	2437
66.13549438305	2438
66.1378771236612	2439
66.1408777816666	2440
66.1481185364517	2441
66.1519023899507	2440
66.1520595125528	2441
66.1528081448539	2442
66.1536392146861	2443
66.1546740153478	2444
66.1610668109404	2445
66.1713040548982	2446
66.1979824689822	2447
66.2223993030982	2448
66.2226346912992	2447
66.2229879116546	2448
66.2234108118771	2449
66.2239571677835	2450
66.2249515095807	2451
66.2263686420245	2452
66.2289389768464	2453
66.2429899285396	2454
66.2528075269272	2455
66.2678191122448	2456
66.2679686688114	2455
66.2682611778489	2456
66.2718425025867	2457
66.2855462709611	2458
66.297897662798	2459
66.3111684357916	2460
66.3273811710048	2459
66.3331293427716	2460
66.3363247843324	2461
66.3396380901202	2462
66.3474914491042	2463
66.3535048443689	2464
66.353540792529	2463
66.3549282965384	2464
66.3564933317382	2465
66.3586432656873	2466
66.3615553202242	2467
66.3769649150916	2468
66.3858217713557	2469
66.3861560208886	2468
66.3874930363079	2469
66.3880055828183	2470
66.3908315465949	2471
66.3929295700207	2472
66.3956781362347	2473
66.4034958255641	2474
66.4035890459188	2473
66.4048703875003	2474
66.4076624003781	2475
66.4103798688	2476
66.4133783945424	2477
66.4174716992845	2478
66.4230844139663	2479
66.4308082841878	2480
66.4310742170626	2479
66.4323345906876	2480
66.4336012968404	2481
66.4382815990673	2482
66.4415613253211	2483
66.4453814445139	2484
66.4506489654148	2485
66.457764803067	2486
66.4708317291067	2487
66.4709210796416	2486
66.4721046136826	2487
66.4735832570721	2488
66.4756506830588	2489
66.4777923054196	2490
66.4813718325593	2491
66.4854510636203	2492
66.4895731918648	2493
66.524474605	2494
66.5245961121316	2493
66.524841434896	2494
66.5260828650705	2495
66.5268175578592	2496
66.5278819403527	2497
66.5322211718801	2498
66.5446458923313	2499
66.559201013172	2500
66.5592134500191	2499
66.5595870213008	2500
66.5611277625437	2501
66.5625965908409	2502
66.564972318826	2503
66.57369074144	2504
66.5810021391378	2505
66.588672917919	2506
66.5887608553537	2507
66.5889696700549	2508
66.5893193739109	2507
66.6220188882078	2508
66.6409583870197	2509
66.6409675739712	2508
66.6415248764686	2509
66.6442125726614	2510
66.6457699621685	2511
66.6477124231758	2512
66.6501886457561	2513
66.6545474025777	2514
66.6742562581137	2513
66.6765531998178	2514
66.6783742799241	2515
66.6857237915326	2516
66.6926556100887	2517
66.6997931894664	2518
66.7079800755535	2519
66.7169818875198	2520
66.7317333060134	2521
66.7318101009957	2520
66.7326626115325	2521
66.7341134410897	2522
66.7438218696123	2523
66.7481316807759	2524
66.7684603734022	2525
66.7688626473034	2524
66.7698801794693	2525
66.7707076371669	2526
66.7887048694327	2527
66.7973257732599	2528
66.8077346348225	2529
66.8185940760657	2530
66.818712370178	2529
66.81913643435	2530
66.8231279672461	2531
66.8261303568131	2532
66.8380364675529	2531
66.8381603474397	2532
66.839027587396	2533
66.8471120909805	2534
66.8587397497165	2535
66.8681322598848	2536
66.8777905713785	2537
66.8780359643413	2536
66.8795917887608	2537
66.8820605721692	2538
66.8849030932313	2539
66.8890697312443	2540
66.8949100858433	2541
66.9018299178122	2542
66.9196488055302	2543
66.9352709044604	2544
66.9538071871637	2545
66.9550158812333	2544
66.9556223315437	2545
66.9590626521519	2546
66.9640951582248	2547
66.9677740360628	2548
66.9962647130731	2549
66.9962767688792	2548
66.9965397658177	2549
66.9989505427891	2550
67.0039573292249	2551
67.0071158224252	2552
67.0114841881675	2553
67.0165000158829	2554
67.0236333013979	2555
67.0321818559476	2554
67.0325210632489	2555
67.0394236028276	2556
67.0459427407093	2557
67.0511758320115	2558
67.0641936848022	2559
67.064202638491	2558
67.0644946471464	2559
67.0649509775128	2560
67.066871276186	2561
67.0694344870888	2562
67.0734098603159	2563
67.0774512373052	2564
67.0829002697162	2565
67.0886312572427	2566
67.1139799159162	2567
67.1140578310685	2566
67.1145998060918	2567
67.1154866438108	2568
67.1179680875018	2569
67.1231058393121	2570
67.1259056208171	2571
67.1329407994151	2572
67.1490568099059	2573
67.1490931910946	2572
67.1492958838196	2573
67.1508551214199	2574
67.1525346467813	2575
67.1554633303156	2576
67.1584795542137	2577
67.1615110229311	2578
67.1647574909573	2579
67.1684931818006	2580
67.1727231697721	2581
67.1787451378611	2582
67.1791324538779	2583
67.1797460554651	2582
67.1804382799444	2583
67.1827816300927	2584
67.1880211788364	2585
67.1962737196725	2586
67.2014341943566	2587
67.2081705129374	2588
67.2082588165856	2587
67.2112118977445	2588
67.2129436384046	2589
67.2161020920237	2590
67.2245655192153	2591
67.2502064823855	2590
67.2503635707396	2591
67.250486066783	2592
67.2513463436478	2593
67.2776533488502	2594
67.2777045120199	2593
67.2779754170222	2594
67.2793575536814	2595
67.2812204047693	2596
67.2875920965923	2597
67.2962399633723	2598
67.3092004909302	2599
67.3092942175315	2598
67.3099654116993	2599
67.3107011372083	2600
67.3115118370367	2601
67.3130979882296	2602
67.3149154402524	2603
67.3169367992994	2604
67.3197702772193	2605
67.3386801348277	2606
67.3506463810079	2607
67.3508272260986	2606
67.3512916092329	2607
67.3524005038232	2608
67.353776843174	2609
67.3562991198885	2610
67.3591002303908	2611
67.362778327082	2612
67.373113395766	2613
67.3801672376028	2614
67.3926772351695	2613
67.3933462201819	2614
67.3944024077352	2615
67.3965451413967	2616
67.3988514749069	2617
67.406438550606	2618
67.4116541060355	2619
67.4173493964333	2620
67.4260027326379	2621
67.4356472088182	2620
67.4372011580197	2621
67.4419248794363	2622
67.444680300883	2623
67.4586477397168	2624
67.4669980561519	2625
67.4848974882877	2624
67.484950460195	2625
67.4851761809912	2626
67.4856017779746	2627
67.4893412066811	2628
67.4915698036273	2629
67.505887815794	2630
67.51835916291	2631
67.5183668456073	2632
67.5184340989424	2631
67.5185438599062	2632
67.5191880957198	2633
67.5203187532231	2634
67.5262020896396	2635
67.5380354565775	2636
67.5564149386398	2635
67.5567289308444	2636
67.5574796215431	2637
67.5601448574369	2638
67.5657803601851	2639
67.5700537766595	2640
67.5750526813124	2641
67.588238472518	2642
67.5884987158777	2641
67.5887266818015	2642
67.5889598335332	2643
67.5905906012474	2644
67.5920119322097	2645
67.5936022545636	2646
67.5966368748766	2647
67.599916636055	2648
67.615942341318	2649
67.6161874791276	2650
67.6169930510066	2651
67.6178676901461	2652
67.6187498508214	2653
67.6197183320025	2654
67.6207895951072	2653
67.6246722132626	2654
67.6331173956121	2655
67.6451763195644	2656
67.6451901087655	2655
67.6472705442518	2656
67.6490060682934	2657
67.6510121408444	2658
67.6539182800859	2659
67.657413930219	2660
67.6611247694179	2661
67.6674507281803	2662
67.6761684392639	2663
67.6762683683571	2662
67.6766836950062	2663
67.6782629095922	2664
67.6832071529441	2665
67.6875971882344	2666
67.6920865784139	2667
67.696859006837	2668
67.7033627280705	2669
67.7034851141596	2670
67.7037310474641	2669
67.7040991702904	2670
67.7044912428626	2671
67.7050202669723	2672
67.7089538787639	2673
67.7127826371377	2674
67.7225887825859	2675
67.7278073745927	2676
67.727850079247	2677
67.7279669661236	2676
67.7325294520867	2677
67.735141075698	2678
67.7378861860068	2679
67.7422254809806	2680
67.7529271177643	2681
67.7532034680933	2680
67.7537487113602	2681
67.754786700754	2682
67.7644331988865	2683
67.7769305690179	2684
67.7843003727483	2685
67.7922406669693	2686
67.8061504613595	2687
67.8061583582	2686
67.8067505703564	2687
67.8074350332515	2688
67.8095833005989	2689
67.8130481006717	2690
67.818450304321	2691
67.8256492434209	2692
67.8455024665361	2693
67.8658927032864	2694
67.8659206885529	2693
67.8667014773562	2694
67.8676846924097	2695
67.8700859587732	2696
67.8714469452714	2697
67.8769319549062	2698
67.8900835656421	2699
67.8901020573119	2698
67.8902150396041	2699
67.8907460005591	2700
67.8924276147607	2701
67.8949983845102	2702
67.8976234524614	2703
67.9007632831215	2704
67.9058774189195	2705
67.9172486747718	2706
67.9172650558155	2707
67.9174220630791	2706
67.9179890746289	2707
67.9209330605497	2708
67.9271317065848	2709
67.9425249898029	2710
67.9541741774572	2711
67.9543333574673	2710
67.9551418546014	2711
67.960337330949	2712
67.9641098318514	2713
67.9683520452943	2714
67.9743834346425	2715
67.988567060687	2716
68.0015873749633	2717
68.015550964408	2718
68.0157282017296	2717
68.0160348534534	2718
68.0164446876568	2719
68.0168993149543	2720
68.01745176497	2721
68.0208031730851	2722
68.0248075812249	2723
68.0292689884207	2724
68.0351322237527	2725
68.0415679956911	2726
68.0416014936361	2727
68.0417439817409	2726
68.0429277593228	2727
68.0446567027555	2728
68.0510032118489	2729
68.0630603313637	2730
68.0700373660964	2731
68.0700570904444	2730
68.0704238696342	2731
68.0792734928398	2732
68.0839359702511	2733
68.0925563730268	2734
68.1069769196181	2735
68.1290188569544	2736
68.1290688878542	2735
68.1296544660033	2736
68.1305462864145	2737
68.1316335503395	2738
68.1328772478189	2739
68.1343933229252	2740
68.1381532129051	2741
68.1619836793432	2742
68.162142635603	2741
68.1681840820709	2742
68.1704159046528	2743
68.1800101558217	2744
68.1842328771488	2745
68.1899550161795	2746
68.1900540616732	2745
68.192244197209	2746
68.1935489511486	2747
68.1958565489292	2748
68.198190288236	2749
68.2061787239179	2750
68.2114390871391	2751
68.2175677116863	2752
68.2320742836125	2753
68.232126047016	2752
68.2322395495755	2753
68.2323757088341	2754
68.2325599130743	2755
68.2328149793063	2756
68.2332829463737	2757
68.2352009680214	2758
68.2492825987026	2759
68.2495420487282	2758
68.2514015553204	2759
68.2542161427589	2760
68.2603909976931	2761
68.2637340296676	2762
68.2710763025714	2763
68.2915925314335	2764
68.304470018589	2763
68.3049516482458	2764
68.3054455693525	2765
68.3061202656424	2766
68.3068179348663	2767
68.312436631433	2768
68.3232992454612	2769
68.3233040019447	2768
68.3233531587036	2769
68.3234763561056	2770
68.3245240217373	2771
68.3256929717325	2772
68.3278841697909	2773
68.3330250382721	2774
68.3388590589464	2775
68.3471873719543	2776
68.3678876646161	2777
